C,T(B=10°),T(B=20°),T(B=30°),T(B=40°),T(B=50°),T(B=60°),T(B=70°),T(B=80°)
0,3192.925846884049,6580.714562887484,6501.2920167131315,6083.136272856774,5180.354624177594,4437.318308405689,3581.777376732914,2238.2878685858295
1,3125.782165256926,6542.392046996977,6526.093003450407,6091.124397991916,5186.3448188482635,4431.048444336615,3578.609293367561,2236.582597512853
2,3057.3762777613642,6501.3097998562935,6555.303139392427,6099.427303947898,5192.56643612682,4424.612465939866,3575.3252776714876,2234.782612592623
3,2987.1592792074935,6460.7331702661195,6577.8773535747605,6108.05730231906,5199.028358470012,4418.011117465692,3571.9255380990307,2232.886948327865
4,2915.0974078351037,6422.799656556417,6598.176188701167,6117.027138692283,5205.739688811145,4411.245461983526,3568.41050851468,2230.8948122453435
5,2840.859514541371,6382.745013225604,6620.37686764998,6126.349999647593,5212.709755735008,4404.316891469408,3564.780858435709,2228.805589372835
6,2765.8245812241757,6339.764305745412,6641.653773927461,6136.039517827353,5219.948112954285,4397.227133238549,3561.0375008450287,2226.6188445695057
7,2688.820881126736,6295.7048422691205,6666.0565628658815,6146.109773856753,5227.464538589736,4389.978252323956,3557.1815970969365,2224.33432251126
8,2612.960053628429,6250.576427761342,6685.999650552603,6156.575296004437,5235.269096612071,4382.572649567828,3553.2145585643375,2221.951945233062
9,2538.954694017591,6205.016043060954,6706.241575697702,6167.451056489311,5243.371645504651,4375.013055368244,3549.138044824021,2219.4718072381706
10,2464.909815325772,6158.837452698231,6726.376664615046,6178.752461158918,5251.783256589335,4367.302519195949,3544.9539583336805,2216.8941682907193
11,2380.130647459378,6112.060320803414,6752.130100122515,6190.49534646701,5260.84245469962,4359.444395152431,3540.6644357087334,2214.2194441049137
12,2290.465384455026,6062.824372105528,6772.336627389535,6202.6959684110025,5270.688158937414,4351.442323972315,3536.271835845508,2211.448195224298
13,2199.560038114848,6011.424795277135,6805.247225105828,6215.371372925216,5280.916080277752,4343.30021197328,3531.778725253304,2208.5811144437303
14,2105.911057333227,5958.045867160463,6847.843501834168,6228.537925713795,5291.538675646111,4335.022207523427,3527.187861044179,2205.6190131624344
15,2008.1771692347081,5902.358027891749,6866.64666819344,6242.213406268845,5302.568548681508,4326.612675628905,3522.502172084185,2202.562807068743
16,1906.297442721958,5854.538678307983,6879.703880546178,6256.415648277133,5314.01843526036,4318.076171247116,3517.7247388336823,2199.413501547984
17,1801.429268521763,5795.2985623894865,6885.858783112716,6271.1628563071035,5325.901190239497,4309.41741190705,3512.8587724002814,2196.1721771775556
18,1694.7885714877334,5732.4830140188305,7320.581065640645,6286.473598477528,5338.229778206218,4300.641250174323,3507.9075933003255,2192.839975632024
19,1591.6391667384203,5666.436216451952,7466.212226869012,6302.366800707647,5351.2335120263315,4291.752646439777,3502.8746103792437,2189.418086270526
20,1482.8273254765704,5598.258877753333,7499.324582676044,6318.966147648077,5364.944841893547,4282.756642443033,3497.763300283114,2185.907733623237
21,1373.2868541656387,5527.768246542795,7535.365983407226,6336.422329402133,5379.16718971464,4273.6583358709695,3492.5771878087426,2182.3101659373947
22,1265.9735419049207,5454.149330751575,7562.892738629798,6354.515942954869,5393.915460638464,4264.462856299896,3487.31982739228,2178.62664488912
23,1154.753013461885,5378.546076670122,7582.628666958929,6373.265802303383,5409.205146932637,4255.175638643258,3481.9947859303934,2174.858436517946
24,1037.5161191198588,5301.551778098843,7595.85653761697,6392.691023660639,5425.050710932829,4248.29746610349,3476.605627066578,2171.006654137239
25,925.5493227715793,5222.674374395728,7606.902436778103,6412.811024948034,5441.467943983223,4242.957432156885,3471.155897019729,2167.0728592084597
26,817.3683397082846,5140.904191948994,7625.8106478637865,6433.645526417203,5458.4724500205875,4239.006247738306,3465.649111984252,2163.0581281902973
27,699.8205143980264,5057.418500842272,7635.92418831792,6455.214552416409,5476.080018247713,4235.633478078598,3460.0887470909297,2158.9636782083717
28,580.3415615631179,4986.4717446632585,7646.8347135384765,6477.5576740503575,5494.308994872399,4235.699213208991,3454.4795047609896,2154.791437400706
29,458.7764897561346,4903.355748678904,7658.544044910671,6500.723412461522,5513.275371400282,4236.103222971284,3448.825863552737,2150.543291391465
30,337.49687538172856,4812.479703953514,7673.311048087888,6524.713401730583,5532.952832074475,4238.592972516351,3443.1292915916156,2146.2193688450343
31,214.64657662268874,4714.334224578892,7685.951794376398,6549.553738485701,5553.301974031894,4242.8379085922525,3437.3930499335947,2141.820808271101
32,84.22984054818181,4613.3792112213505,7678.1019260245,6575.271013860743,5574.341055955466,4253.072485800743,3431.6203252286864,2137.348720091467
33,0,4511.869512844599,7662.303800652705,6601.892320241101,5596.088646586625,4264.337741853666,3425.814226471569,2132.8041868126647
34,0,4409.051763500642,7639.863736957665,6629.430289418483,5618.563628971412,4276.045475569871,3419.977782693116,2128.1882636248165
35,0,4302.670906103295,7610.683589650045,6657.720221973376,5641.785205952299,4288.205070358551,3414.113941486666,2123.5019793476476
36,0,4189.879908315479,7580.076693615292,6686.97510818815,5665.772906216984,4301.105595992952,3408.2255682673913,2118.7463376525357
37,0,4069.3426581914932,7540.833837002937,6717.222623248913,5690.493607431671,4314.901266132255,3402.315446168922,2113.922318497673
38,0,3944.0180921867723,7495.146042985334,6748.490924018937,5715.995844549876,4329.224628590263,3396.3862764880373,2109.0308797214016
39,0,3813.0892109271317,7461.748936237647,6780.808659758941,5742.3131321436795,4344.282197379999,3390.440679595443,2104.0729587463375
40,0,3679.526746482679,7413.638275239452,6814.204981611499,5769.465440351721,4359.970349170266,3384.4811962380136,2099.0494743540517
41,0,3544.574991984098,7359.995369664272,6848.709552379191,5797.4730630358445,4376.219897667337,3378.510289165211,2093.9613284965726
42,0,3411.1960245840373,7307.471334867509,6887.915189831175,5826.356625715742,4393.0596209259365,3372.5308316711385,2088.809408116783
43,0,3272.4760884715565,7242.704704308291,6935.128812730967,5856.137093673329,4410.515361307804,3366.545051282141,2083.5945869551115
44,0,3133.088176749984,7171.500800851299,6994.188995870748,5886.835780181594,4428.59998098228,3360.5548397840835,2078.317727324426
45,0,2987.9169536684003,7102.958976857023,7056.225717818979,5918.474354820706,4447.326516235906,3354.5623707127374,2072.980199508559
46,0,2844.3024809294616,7035.859769534788,7119.316588685909,5951.0748518517585,4466.708191855611,3348.569750769822,2067.5825537391415
47,0,2702.994748900467,6963.068672769416,7171.113469757382,5984.659678625043,4486.758427570224,3342.579022354929,2062.125455371677
48,0,2562.7459290643205,6887.185190791067,7223.944058922028,6019.2516240055365,4507.490843425436,3336.592166127924,2056.6097396405953
49,0,2421.808623609725,6812.464792702101,7266.101049884682,6054.86323964288,4528.919270627344,3330.611103579812,2051.036238409402
50,0,2281.1920483406384,6740.058872802349,7320.077553095326,6091.256194212792,4551.058150476069,3324.6376995934447,2045.4057815634212
51,0,2142.2464357070094,6663.639926363909,7370.079105471927,6128.681391156032,4573.916368020283,3318.6736388237346,2039.7191983290134
52,0,2003.3644199671712,6586.015769064549,7429.4378430784955,6167.0068986097585,4597.481934655561,3312.720943156926,2033.977318516782
53,0,1864.9302021958463,6513.213766740167,7482.495125708368,6206.3491463550845,4621.788037378465,3306.7839945222704,2028.1809736954758
54,0,1724.3316212659934,6437.615833651708,7523.36460002073,6246.767254392221,4646.847991043062,3300.86400337524,2022.3309982962223
55,0,1582.666041349449,6360.240522191259,7563.982124872068,6288.124038304649,4672.64281651384,3294.960562561066,2016.432033364753
56,0,1443.4673988759553,6284.378277848984,7591.149000091511,6330.19957546008,4699.209793352136,3289.0752597512765,2010.4815340628709
57,0,1305.7364080566324,6202.636386105548,7625.455585628043,6373.36904706681,4726.564470731033,3283.2101239256426,2004.4802327339787
58,0,1167.4955442916,6122.687495756623,7640.435645531369,6417.652099394424,4754.655311966397,3277.3670362750627,1998.4289946512995
59,0,1025.0728154185038,6042.71943169394,7649.197969578424,6463.068633140888,4783.529154352539,3271.5466766786676,1992.328693891622
60,0,862.3952881313431,5955.654930958687,7650.192137537185,6509.6388102898,4813.216442458439,3266.2586362877614,1986.1813362368505
61,0,693.6154013441525,5865.824895294993,7648.5178070378815,6557.38305896279,4843.730230014852,3261.2500627539644,1979.9867409434437
62,0,520.5576150125065,5774.893210505228,7645.273080936451,6606.322078053427,4875.08375738939,3257.0623140277116,1973.7485700047928
63,0,345.55238392372746,5678.892315476211,7634.985521940551,6656.477583137305,4907.290456329767,3253.6564567893197,1967.4680506056493
64,0,168.63890638551982,5577.782561098928,7618.156730688707,6707.869398707594,4940.363954558212,3253.136521401311,1961.1432381359984
65,0,0,5473.970543873144,7603.053401260323,6760.519754793247,4974.318080208327,3254.340442337025,1954.7750714279734
66,0,0,5364.494267896598,7589.419598815099,6814.450478725493,5009.166866152493,3257.5970971356455,1948.3645015430307
67,0,0,5236.625376629315,7565.234346488981,6869.683690981614,5044.924554191339,3262.656143148903,1941.912492301067
68,0,0,5105.692409361767,8154.635545497776,6926.241809499903,5081.605599118375,3268.1966945809772,1935.4200207890685
69,0,0,4976.640131344255,8178.388992599937,6984.147554048127,5119.224672708051,3274.225669971211,1928.888077856201
70,0,0,4844.751078845055,8187.7976309597625,7043.4239505571695,5157.796667607883,3280.750081774271,1922.3176685924225
71,0,0,4705.493408365218,8200.942910723792,7103.249525096626,5197.336701152668,3287.777034624096,1915.7098127947067
72,0,0,4566.530970112186,8207.808493797393,7165.710644940634,5237.860119110878,3295.7355868619093,1909.0655454233088
73,0,0,4430.70353528614,8206.79902835504,7229.579133420434,5279.38249937304,3307.587488258207,1902.3859170502658
74,0,0,4292.437086860058,8198.593299200853,7294.749639624463,5321.919655591494,3320.052393100178,1895.6719943022629
75,0,0,4152.4651300921905,8191.6169043984655,7360.485621815478,5365.487640780613,3333.138970183817,1888.924860299857
76,0,0,4012.381787241515,8184.495105196252,7427.979202248338,5410.102750886159,3346.856034931186,1882.145615094968
77,0,0,3874.8281439978286,8175.081388185372,7494.959836104144,5455.781528332158,3361.212554148586,1875.3353761083622
78,0,0,3738.8803438902005,8161.886123902136,7559.030325179124,5502.540765553248,3376.2176504185886,1868.495278568913
79,0,0,3603.0853220088825,8147.802508651789,7626.931884477967,5550.3975085202455,3396.22089673991,1861.6264759561516
80,0,0,3466.550893843039,8135.677398263352,7693.989238456677,5599.369060266223,3417.2491819956604,1854.7301404476907
81,0,0,3329.250072449449,8116.270495311173,7767.556844267263,5649.472984420236,3438.9531799430442,1847.807463372957
82,0,0,3192.4534464171857,8072.474821755496,7838.828810534456,5700.727108755415,3461.3425911373597,1840.8596556746306
83,0,0,3057.54723596798,8017.229493238832,7906.074743719038,5753.149528757989,3484.427302088604,1833.8879483790924
84,0,0,2923.7140948772253,7957.970816351751,7964.357257933711,5806.758611223466,3508.2173804548397,1826.893593077206
85,0,0,2788.919650348351,7900.47329638122,8036.846414224589,5861.572997886029,3532.7230863634727,1819.8778624166257
86,0,0,2649.5794538167515,7841.586088774055,8099.590536360172,5917.61160908696,3557.9548726244047,1812.8420506068503
87,0,0,2504.018580330814,7783.341190475604,8161.082006822289,5974.893647487708,3583.9233876934136,1805.7874739381657
88,0,0,2349.339563183989,7718.877091758793,8213.272149331946,6033.438601833029,3610.639478624309,1798.715471315615
89,0,0,2195.9386077134036,7648.7702790798785,8267.624476715817,6093.266250769512,3638.114194017649,1791.627404809116
90,0,0,2042.1055519030297,7577.073250162999,8317.800768050509,6154.396666724585,3666.358786973525,1784.5246602207897
91,0,0,1887.7088217565708,7500.392310635762,8369.991577343006,6216.850219851013,3695.3847180556845,1777.4392137613984
92,0,0,1729.7993072230822,7415.600702535353,8426.257531504642,6280.647582041792,3725.2036582739274,1770.4559903830047
93,0,0,1573.7041004850591,7334.483418998234,8468.099718453615,6345.809731020203,3755.8274920915583,1763.4568051181955
94,0,0,1416.8070733288778,7252.381194524328,8506.513638798351,6412.357954509764,3787.2683204644527,1756.21855819421
95,0,0,1255.8128311155672,7169.642540281458,8545.515550976977,6480.31385448868,3819.538463918071,1748.9485105624447
96,0,0,1094.6357515511552,7080.12792533259,8580.176815956163,6549.558729080608,3852.6504656686707,1741.853094215259
97,0,0,936.3370593589469,6984.524306682659,8630.137247034949,6619.949891138261,3886.61709479476,1735.2862809318306
98,0,0,780.127780490169,6888.777064525408,8662.574327887223,6691.780658487569,3921.4513494647526,1728.4743560311217
99,0,0,627.9089532893257,6791.5174369792085,8691.76806085556,6765.073224493239,3957.135608704217,1721.7068230983646
100,0,0,476.3547048499976,6693.256154572547,8714.422795885403,6839.714462242339,3993.6307311811233,1715.0627660698851
101,0,0,322.7529208192285,6602.027246419381,8731.393934814432,6915.464874006943,4030.9588558601868,1708.8048205619516
102,0,0,167.28297194798554,6508.751522765267,8745.90238345794,6992.704307031712,4069.1876516493494,1703.3960587900863
103,0,0,9.664824110858822,6408.764417213419,8757.646093238542,7071.454219104207,4108.329397176538,1698.3565484973087
104,0,0,0,6311.082678309649,8768.402775555294,7151.736367129137,4148.397826553876,1694.8401686779705
105,0,0,0,6207.19244636386,8773.961974915195,7233.5728113549385,4189.406506405429,1691.6009697502145
106,0,0,0,6097.248358424375,8776.7420323424,7316.985919376411,4231.369238178922,1688.6433071650893
107,0,0,0,5989.656921126596,8777.179090264108,7401.998370430802,4274.30006164624,1685.9716481066152
108,0,0,0,5881.96271404283,8773.454877144424,7485.669554631054,4318.213258499186,1683.5905743501592
109,0,0,0,5777.338176601532,8764.639447273341,7573.233747314538,4363.123356049753,1682.9605954076678
110,0,0,0,5669.132752951603,8749.942118222985,7658.460783737076,4409.04513104131,1683.278145617061
111,0,0,0,5558.614022140607,8734.900430954596,7747.718387735423,4455.976071744932,1683.9860471121642
112,0,0,0,5448.37797559927,8718.264305518831,7837.210416735301,4503.791846967551,1685.090533923402
113,0,0,0,5329.1411659307605,8699.739225492072,7924.6486392869065,4552.649340707907,1686.5979935457574
114,0,0,0,5206.027415712944,8681.571431573742,8016.541443356004,4602.563713423944,1688.5058652515904
115,0,0,0,5082.359673227537,8664.914886252096,8108.368062824959,4653.550383284183,1690.8235547405038
116,0,0,0,4958.37370877027,8650.961627850043,8201.323258769964,4705.62503054771,1693.5612405052852
117,0,0,0,4834.56287726888,9504.6919695579,8295.550730503495,4758.80360212654,1696.725727060114
118,0,0,0,4711.706210798325,9538.372056278555,8389.297931644518,4813.227733159351,1700.323982645649
119,0,0,0,4589.535814297685,9568.280795201938,8476.989350445465,4868.99536421921,1706.0952467999407
120,0,0,0,4467.690742243451,9591.10623029958,8568.113521530346,4925.950510480215,1713.270843387218
121,0,0,0,4340.38791430689,9615.00363068691,8670.495629608025,4984.112032970133,1721.0203034795622
122,0,0,0,4209.535377875679,9634.656726496236,8765.024950195222,5043.499133411482,1729.3258093019583
123,0,0,0,4076.592761273081,9649.060493129919,8858.043790935133,5104.131360956905,1738.1966370093112
124,0,0,0,3942.5813041691154,9660.00571044755,8952.950156182458,5166.028619729073,1747.6422841000442
125,0,0,0,3809.5357028611793,9667.313167878185,9050.036336451545,5229.21117628246,1757.672473939263
126,0,0,0,3675.9066083818234,9669.71351099552,9146.505328840192,5293.69966744069,1768.2971605035773
127,0,0,0,3545.96580443889,9673.41016886898,9248.238034747941,5359.515108436918,1779.5265333033194
128,0,0,0,3414.9428599050225,9677.02618928388,9341.208211276955,5426.678901371491,1791.9750095414386
129,0,0,0,3283.1604751225877,9674.659630478414,9432.158423366893,5495.212844002137,1807.8636682068598
130,0,0,0,3150.703708621715,9661.397696961338,9517.70769952923,5565.1391388824895,1824.408132074967
131,0,0,0,3017.635790021517,9643.908241823545,9603.667652866316,5636.480402865932,1841.620956230843
132,0,0,0,2884.3237074610506,9621.378263848392,9685.992624869325,5709.259676992528,1859.514830455588
133,0,0,0,2745.695917065802,9579.279360751168,9775.81189682767,5783.5004367779975,1878.1027475799158
134,0,0,0,2601.582841856453,9533.894188546934,9870.044840084081,5859.226602924709,1897.3980108667586
135,0,0,0,2447.1965622701277,9486.119591545625,9950.870299166221,5936.462552475927,1917.4142417526612
136,0,0,0,2291.9468810461067,9443.776437405117,10026.737549489982,6015.233130435861,1938.165387921871
137,0,0,0,2136.383757499524,9394.906929689585,10116.708598816804,6095.563661879394,1959.665731730095
138,0,0,0,1980.42866626546,9343.01847397989,10202.049051497057,6177.479964576922,1981.9298989958927
139,0,0,0,1822.602065485805,9287.862672065241,10284.25821676818,6261.008362161297,2004.9728681786983
140,0,0,0,1663.526789261684,9234.599649054799,10359.752019117737,6346.175697865647,2028.8099799636834
141,0,0,0,1507.181380380088,9174.519413579446,10429.337792033095,6433.009348862644,2053.456947274791
142,0,0,0,1348.0163745276848,9107.957660319682,10498.762970948132,6521.452950123968,2078.929865738698
143,0,0,0,1186.6465594071574,9029.760770946883,10559.168252493448,6611.434264397835,2105.245224623777
144,0,0,0,1025.3588369832598,8951.297825092266,10615.338640414784,6703.151523634621,2132.415680257522
145,0,0,0,867.2982488919295,8880.561811104002,10687.238737836344,6796.633921462724,2160.4344638024813
146,0,0,0,710.5097883921532,8805.859112138847,10775.33280586917,6891.911953267374,2189.3447110602306
147,0,0,0,554.9071528453043,8730.06703677377,10853.63608581624,6989.014710381353,2219.1644933814555
148,0,0,0,399.08367707744213,8653.882843090261,10927.367073574138,7087.973904466,2249.9123365874325
149,0,0,0,243.8030194213819,8577.414644011538,10988.529888042303,7188.821269185962,2281.6072353149248
150,0,0,0,89.75930517106096,8495.781586855715,11051.99969578342,7291.5892238493,2314.2686680408915
151,0,0,0,0,8414.73155916145,11112.580954306577,7396.310895680499,2347.916612839203
152,0,0,0,0,8332.152431930193,11168.537876370461,7503.020143194015,2382.5715639123305
153,0,0,0,0,8248.988600419258,11218.358113701846,7611.751580736265,2418.254548943853
154,0,0,0,0,8165.550000406944,11268.458912448988,7722.540604269038,2454.9871473209296
155,0,0,0,0,8076.301388556,11313.683423614313,7835.423418472837,2492.7915092794224
156,0,0,0,0,7982.2675108023695,11354.049278036498,7950.4370652546295,2531.690376028169
157,0,0,0,0,7890.710734167501,11388.340045930969,8058.231340014123,2571.7071009130523
158,0,0,0,0,7795.691510205893,11415.568276516535,8161.152914830341,2612.865671686066
159,0,0,0,0,7692.016992305653,11441.222491925268,8265.928282700685,2655.1907339493605
160,0,0,0,0,7591.65401269883,11468.296900295085,8372.59316818954,2687.4695663193147
161,0,0,0,0,7492.883653151436,11497.892566875587,8481.184115463911,2716.645220045656
162,0,0,0,0,7393.499385944061,11522.626094002768,8584.274804713086,2746.5842777812277
163,0,0,0,0,7293.4496087049165,11543.879047375409,8695.015324284015,2777.3067813218904
164,0,0,0,0,7187.939720106183,11560.760971551925,8807.480568043882,2808.833375951529
165,0,0,0,0,7073.027412349671,11577.778674637037,8921.66442060905,2841.185331471279
166,0,0,0,0,6958.597882336084,11600.75354620603,9037.314692754673,2874.3845583265684
167,0,0,0,0,6841.42762429779,11623.78350482655,9147.18297760832,2908.453624472936
168,0,0,0,0,6726.484443882829,11641.077856075151,9265.952390584318,2943.415773030555
169,0,0,0,0,6613.306213858603,11655.785525192621,9385.281155771525,2979.2949407811784
170,0,0,0,0,6498.055888151038,11667.259552956284,9506.244563236038,3016.115777565343
171,0,0,0,0,6383.409491291409,11675.733239631114,9628.807928999513,3053.9036666411394
172,0,0,0,0,6264.930266097114,11682.773134754358,9752.324573732869,3092.6847460710633
173,0,0,0,0,6149.618257135996,11689.827078563067,9876.653719669379,3132.4859312078684
174,0,0,0,0,6032.767068003445,12533.794226833079,9992.582624774097,3173.334938355941
175,0,0,0,0,5910.4669299566185,12769.049628057857,10110.80653514429,3215.20451968525
176,0,0,0,0,5785.690571676658,12821.956958969275,10236.472472685558,3257.9221981536202
177,0,0,0,0,5658.277259385967,12873.468037874482,10361.071318119366,3301.7527428666267
178,0,0,0,0,5529.871079392338,12918.98789258495,10486.79210489835,3346.726434871977
179,0,0,0,0,5400.03393089434,12952.393892961258,10605.695832902316,3392.8744696232384
180,0,0,0,0,5274.418647406887,12970.253553056564,10731.73626940629,3440.2289873596637
181,0,0,0,0,5148.868552448195,12986.759329886023,10836.752339963745,3488.823106952879
182,0,0,0,0,5025.326077578093,13000.103909582109,10941.940765573978,3538.6909613371963
183,0,0,0,0,4898.955069660032,13016.176271116077,11050.788048407028,3589.8677350695325
184,0,0,0,0,4764.057938180246,13029.52312106262,11165.09219589697,3640.93873252109
185,0,0,0,0,4626.411620476681,13032.825787019998,11276.185980486194,3676.871016853731
186,0,0,0,0,4488.5425454746855,13040.936402280928,11383.025332241017,3713.615985943647
187,0,0,0,0,4349.455097903837,13045.944578606523,11493.170153121502,3751.20318009753
188,0,0,0,0,4209.117357329265,13047.059638041206,11610.849900572231,3789.6630439169157
189,0,0,0,0,4067.51349044685,13043.181402494976,11711.54437242675,3829.0268939841158
190,0,0,0,0,3924.7461571621207,13033.39315825602,11825.02833927307,3869.326956394427
191,0,0,0,0,3778.084868421505,13018.29805115324,11939.13218632947,3910.596388827867
192,0,0,0,0,3628.726428009107,13001.014993652927,12045.350976903646,3952.8693039860455
193,0,0,0,0,3470.5089258482626,12982.539300715944,12147.221184126338,3996.180794494623
194,0,0,0,0,3308.2515360219977,12949.307691059494,12253.064178574163,4040.566959388559
195,0,0,0,0,3145.009272726179,12917.754336059967,12369.876484495599,4086.0649322966597
196,0,0,0,0,2981.5118993979504,12881.332371762526,12482.53460438712,4132.712911460716
197,0,0,0,0,2817.889558272864,12847.422595397313,12588.12108387595,4180.550191729899
198,0,0,0,0,2653.7752004476356,12814.67747085322,12694.837840050557,4229.617198685153
199,0,0,0,0,2489.606445539637,12775.392596209962,12808.294016005417,4279.955525063699
200,0,0,0,0,2324.9953738808076,12721.110105321828,12903.370374450451,4331.608385456264
201,0,0,0,0,2164.9513475223052,12665.183592939957,12992.509257490621,4384.61903458419
202,0,0,0,0,2004.4008978320203,12610.834031336632,13080.080835439026,4439.033191200967
203,0,0,0,0,1842.1355723187733,12558.40042512859,13158.528665707567,4494.897534098791
204,0,0,0,0,1679.010983168324,12503.009482782938,13233.592055858102,4544.3302735579455
205,0,0,0,0,1514.4273331908919,12444.542840174072,13315.797622272275,4583.577559861507
206,0,0,0,0,1348.5132653909732,12384.568675415714,13402.533154779192,4623.7749828017895
207,0,0,0,0,1184.689561344905,12317.190199701392,13470.527169078476,4664.96208284946
208,0,0,0,0,1019.9460698107044,12247.917372975588,13543.017444852248,4707.175783549066
209,0,0,0,0,857.3009706850747,12183.165495333802,13600.973202249152,4750.4696086319445
210,0,0,0,0,690.802625519723,12114.123711839256,13672.721778677864,4794.8891512135315
211,0,0,0,0,521.682147770878,12042.915304374072,13763.327546999873,4840.4810840411155
212,0,0,0,0,350.42061799032996,11966.023700743524,13853.580931394707,4887.293187787322
213,0,0,0,0,174.22040682804385,11888.554122793068,13934.360111141525,4935.3743817043705
214,0,0,0,0,0,11811.344421794129,14017.101488393522,4984.774756834668
215,0,0,0,0,0,11735.818833136445,14087.2303114786,5035.546009693278
216,0,0,0,0,0,11659.19848480571,14138.756007421527,5087.739928881275
217,0,0,0,0,0,11574.140678265465,14194.247343871826,5141.410712502365
218,0,0,0,0,0,11486.835539983658,14250.776477722326,5196.613530324989
219,0,0,0,0,0,11390.57026998576,14297.73599889631,5253.40493649723
220,0,0,0,0,0,11290.858002474197,14340.732630387569,5304.832806724851
221,0,0,0,0,0,11195.351453467143,14381.737017399235,5345.635887640834
222,0,0,0,0,0,11101.255829563554,14422.705275052222,5387.587894511162
223,0,0,0,0,0,10993.715884489262,14444.903008131698,5430.742399826851
224,0,0,0,0,0,10883.51998903042,14479.426311765807,5475.153907505239
225,0,0,0,0,0,10777.113005221732,14516.681426733407,5520.877876883587
226,0,0,0,0,0,10672.59843147989,14554.86280696093,5567.970724459376
227,0,0,0,0,0,10564.904907698627,14586.58451194782,5616.489861283901
228,0,0,0,0,0,10453.941605141676,14616.623673373395,5666.493722824222
229,0,0,0,0,0,10342.337477929266,14637.60853777354,5718.04219747687
230,0,0,0,0,0,10233.061634767817,14648.483774885466,5771.195122060895
231,0,0,0,0,0,10120.222967078495,14661.472280792288,5826.014576833623
232,0,0,0,0,0,10002.977968161511,14680.005633237073,5882.563461633679
233,0,0,0,0,0,9885.017761583733,14696.50784066747,5937.644151681626
234,0,0,0,0,0,9765.209872943451,14703.01640454051,5979.946188699512
235,0,0,0,0,0,9646.300938079887,14707.748670154708,6023.602845630444
236,0,0,0,0,0,9525.128340836693,14712.980759566924,6068.674308309888
237,0,0,0,0,0,9396.766378989516,14719.229536585877,6115.221377755902
238,0,0,0,0,0,9266.309527594187,14727.669561072005,6163.3055373163215
239,0,0,0,0,0,9136.565224848278,14733.827439627908,6212.988921302421
240,0,0,0,0,0,9007.861184428648,14733.222333518399,6264.334354799013
241,0,0,0,0,0,8880.82448649314,14726.362312310965,6317.405777985559
242,0,0,0,0,0,8756.835656091975,14722.405264535739,6372.266727573743
243,0,0,0,0,0,8632.42581179155,14712.545718649266,6428.982632470625
244,0,0,0,0,0,8504.670657526889,14701.923057437765,6481.739623329748
245,0,0,0,0,0,8380.603660230192,14690.570718599733,6526.291625520873
246,0,0,0,0,0,8257.914361947243,14678.398805697509,6572.398797642867
247,0,0,0,0,0,8132.734070026639,14662.597323407736,6620.122877402582
248,0,0,0,0,0,8010.765859066646,14645.330674385323,6669.52576016313
249,0,0,0,0,0,7892.491803057007,14627.230018795517,6720.6695423078645
250,0,0,0,0,0,7773.198914247477,15048.54535817072,6773.616858823287
251,0,0,0,0,0,7651.505951423826,15519.266325002032,6828.429484893919
252,0,0,0,0,0,7527.341673013502,15521.069211876355,6885.17043395261
253,0,0,0,0,0,7398.7700617535465,15519.108302828845,6936.061537868554
254,0,0,0,0,0,7267.870949874554,15514.48808031613,6983.116172245945
255,0,0,0,0,0,7135.314246064607,15506.052530389636,7031.8520758413815
256,0,0,0,0,0,7002.183905041609,15495.447142745312,7082.327468939477
257,0,0,0,0,0,6867.615336441218,15474.552109439255,7134.60016078462
258,0,0,0,0,0,6731.011741127232,15452.499428213721,7188.72793167732
259,0,0,0,0,0,6595.027896307839,15427.86396994543,7244.767021737898
260,0,0,0,0,0,6452.237400669912,15399.55515121138,7297.284254285356
261,0,0,0,0,0,6297.402351031429,15368.518256283469,7322.494860508412
262,0,0,0,0,0,6140.03900328926,15335.299576950434,7368.641892490107
263,0,0,0,0,0,5972.23928848761,15300.71119708097,7416.250697735862
264,0,0,0,0,0,5788.28681356213,15260.01947770956,7465.120311571469
265,0,0,0,0,0,5573.085443851726,15218.15828961549,7489.250117937715
266,0,0,0,0,0,5277.194669587898,15172.06094806261,7479.492190996637
267,0,0,0,0,0,0,15120.9400302466,7508.4741121180205
268,0,0,0,0,0,0,15072.27316898858,7537.181456794357
269,0,0,0,0,0,0,15022.99377356148,7565.960482334526
270,0,0,0,0,0,0,14973.247790601714,7595.026214863662
271,0,0,0,0,0,0,14915.767380289552,7622.015547393406
272,0,0,0,0,0,0,14852.203225073927,7645.26796820416
273,0,0,0,0,0,0,14788.361813349422,7668.245825132173
274,0,0,0,0,0,0,14719.84072335865,7689.687444816365
275,0,0,0,0,0,0,14649.176659066276,7711.878642656707
276,0,0,0,0,0,0,14577.267649512074,7734.170171026706
277,0,0,0,0,0,0,14502.806668683492,7754.959061404248
278,0,0,0,0,0,0,14427.674033153598,7774.0162824911495
279,0,0,0,0,0,0,14346.631188130543,7759.769007434795
280,0,0,0,0,0,0,14262.49293539877,7772.487352314129
281,0,0,0,0,0,0,14177.588319136958,7784.353762406432
282,0,0,0,0,0,0,14087.640057585379,7794.470277013338
283,0,0,0,0,0,0,14000.541812592055,7801.938797879887
284,0,0,0,0,0,0,13913.689212742129,7804.841133857757
285,0,0,0,0,0,0,13828.099568620288,7806.951559384026
286,0,0,0,0,0,0,13741.35713517571,7809.804320048562
287,0,0,0,0,0,0,13654.189180870988,7814.7844752792835
288,0,0,0,0,0,0,13565.331505980119,7819.096066727851
289,0,0,0,0,0,0,13474.298532089666,7821.1282281891945
290,0,0,0,0,0,0,13381.825989345016,7816.860923001794
291,0,0,0,0,0,0,13288.311566081653,7807.744674194132
292,0,0,0,0,0,0,13193.892433631601,7800.922643567758
293,0,0,0,0,0,0,13101.81419180024,7798.312802583056
294,0,0,0,0,0,0,13011.756250761156,7799.427676449077
295,0,0,0,0,0,0,12923.962170991785,7801.338323098319
296,0,0,0,0,0,0,12836.850491600713,7795.733736384517
297,0,0,0,0,0,0,12748.511054960207,7783.310184582406
298,0,0,0,0,0,0,12656.5118206487,7770.307125546045
299,0,0,0,0,0,0,12559.84812755903,7756.110888889057
300,0,0,0,0,0,0,12463.063730137788,7740.550728054764
301,0,0,0,0,0,0,12367.375157384946,7724.22923719965
302,0,0,0,0,0,0,12273.047788679629,7714.327506392721
303,0,0,0,0,0,0,12178.623635860102,7707.232366981203
304,0,0,0,0,0,0,12083.528847076059,7714.242202656069
305,0,0,0,0,0,0,11987.50255662264,7695.314859452981
306,0,0,0,0,0,0,11891.590129250208,7698.3055163307245
307,0,0,0,0,0,0,11795.037804215315,7701.987948386345
308,0,0,0,0,0,0,11698.480973602656,7686.092792992726
309,0,0,0,0,0,0,11601.899299394825,7671.018795204259
310,0,0,0,0,0,0,11505.511357772955,7653.260027101197
311,0,0,0,0,0,0,11409.261688793029,7635.14265519522
312,0,0,0,0,0,0,11312.763512675465,7613.712028529063
313,0,0,0,0,0,0,11215.367375822834,7590.518787377591
314,0,0,0,0,0,0,11116.63389114084,7567.946058111936
315,0,0,0,0,0,0,11017.626183907807,7548.9075390320095
316,0,0,0,0,0,0,10917.569696085588,7539.2382932169285
317,0,0,0,0,0,0,10816.151459683051,7527.0908128384835
318,0,0,0,0,0,0,10715.22754897225,7512.609101592996
319,0,0,0,0,0,0,10615.16522916047,7491.981818596412
320,0,0,0,0,0,0,10518.726022993242,7472.671680914779
321,0,0,0,0,0,0,10421.72050810442,7454.155553170042
322,0,0,0,0,0,0,10324.058418810402,7433.663969843294
323,0,0,0,0,0,0,10223.14264027675,7411.513207800723
324,0,0,0,0,0,0,10122.400847538114,7384.669716559758
325,0,0,0,0,0,0,10020.407215345927,7354.992931475687
326,0,0,0,0,0,0,9919.320304213283,7324.923185705612
327,0,0,0,0,0,0,9818.468295750983,7295.672447904015
328,0,0,0,0,0,0,9717.615865278673,7265.987212767075
329,0,0,0,0,0,0,9615.659920371434,7234.772527169669
330,0,0,0,0,0,0,9512.797510194221,7200.267898287591
331,0,0,0,0,0,0,9409.75736367336,7160.993980111362
332,0,0,0,0,0,0,9306.082799845295,7121.942194035433
333,0,0,0,0,0,0,9203.142377140777,7064.8708721226885
334,0,0,0,0,0,0,9100.234751700535,7027.912886156484
335,0,0,0,0,0,0,8997.118616462316,6991.478477284776
336,0,0,0,0,0,0,8892.735669814094,6954.639741887527
337,0,0,0,0,0,0,8788.656049857645,6914.642916817051
338,0,0,0,0,0,0,8684.689181627456,6873.168671442894
339,0,0,0,0,0,0,8580.68773927258,6832.330205667608
340,0,0,0,0,0,0,8476.234580717946,6752.325437460193
341,0,0,0,0,0,0,8371.754772882508,6705.027730432183
342,0,0,0,0,0,0,8264.056054759656,6657.448796718753
343,0,0,0,0,0,0,8152.093691543835,6603.691794418538
344,0,0,0,0,0,0,8039.88991525757,6552.43048306784
345,0,0,0,0,0,0,7928.216584371945,6508.346143522501
346,0,0,0,0,0,0,7816.748170126367,6465.39000202809
347,0,0,0,0,0,0,7705.590858545278,6423.96468231697
348,0,0,0,0,0,0,7594.9114036191495,6376.382019341477
349,0,0,0,0,0,0,7482.964282020181,6328.885858098336
350,0,0,0,0,0,0,7369.0636245653,6280.178744982069
351,0,0,0,0,0,0,7256.367617478533,6232.008949842245
352,0,0,0,0,0,0,7143.833872508923,6183.050807976192
353,0,0,0,0,0,0,7030.999892054528,6135.138396601221
354,0,0,0,0,0,0,6918.27032945405,6088.16254233082
355,0,0,0,0,0,0,6802.836196600406,6042.069011244899
356,0,0,0,0,0,0,6682.5330842409685,5990.922162286391
357,0,0,0,0,0,0,6561.3296875241995,5939.888895734941
358,0,0,0,0,0,0,6441.106388332406,5890.273444189333
359,0,0,0,0,0,0,6322.120993241154,5839.464554436944
360,0,0,0,0,0,0,6203.688681962598,5786.657308612471
361,0,0,0,0,0,0,6086.0107612511765,5735.046657403021
362,0,0,0,0,0,0,5969.07457695575,5684.810100251005
363,0,0,0,0,0,0,5852.634205556034,5635.687218228415
364,0,0,0,0,0,0,5738.124484157206,5587.898738131695
365,0,0,0,0,0,0,5624.696160993927,5541.399123004299
366,0,0,0,0,0,0,5512.216267206857,5495.364872012334
367,0,0,0,0,0,0,5402.258521811758,5420.792655474772
368,0,0,0,0,0,0,5293.059310376671,5542.945477747425
369,0,0,0,0,0,0,5183.798988443035,5661.326462948583
370,0,0,0,0,0,0,5075.302217080922,5776.329526130333
371,0,0,0,0,0,0,4967.654518630517,5823.527105487175
372,0,0,0,0,0,0,4860.52326716,5781.724007237598
373,0,0,0,0,0,0,4754.1601652786585,5740.8543724679175
374,0,0,0,0,0,0,4648.3996202784265,5701.680764654136
375,0,0,0,0,0,0,4544.096061868917,5661.388489135466
376,0,0,0,0,0,0,4441.3585276964495,5618.343455460019
377,0,0,0,0,0,0,4342.515531219362,5575.231120085623
378,0,0,0,0,0,0,4244.786004847038,5533.4611759504805
379,0,0,0,0,0,0,4148.118633677491,5491.588136798141
380,0,0,0,0,0,0,4051.7496640944732,5449.696381521519
381,0,0,0,0,0,0,3955.4921599190916,5409.017612749856
382,0,0,0,0,0,0,3859.902209156549,5370.3548667183395
383,0,0,0,0,0,0,3765.6930472199433,5332.430065552688
384,0,0,0,0,0,0,3672.926218057336,5294.444800575855
385,0,0,0,0,0,0,3583.419914370735,5256.570280088853
386,0,0,0,0,0,0,3494.8615838977053,5220.140836671819
387,0,0,0,0,0,0,3405.8291152467277,5183.108397469238
388,0,0,0,0,0,0,3314.8974678423738,5149.771441585626
389,0,0,0,0,0,0,3225.37645139537,5118.294497708967
390,0,0,0,0,0,0,3136.0499817643195,5087.983983981351
391,0,0,0,0,0,0,3047.213587297498,5056.296180429886
392,0,0,0,0,0,0,2960.8947985834156,5024.783264213696
393,0,0,0,0,0,0,2875.203548329235,4994.054244219856
394,0,0,0,0,0,0,2790.6134743587636,4965.6331462273765
395,0,0,0,0,0,0,2707.622251516513,4939.356138261657
396,0,0,0,0,0,0,2626.3230777995063,4915.53786291295
397,0,0,0,0,0,0,2546.798829054647,4891.23628076591
398,0,0,0,0,0,0,2468.797318563947,4868.817538627258
399,0,0,0,0,0,0,2391.5201499315945,4849.645535748938
400,0,0,0,0,0,0,2315.623566458964,4835.965638695797
