C,W(B=10°),W(B=20°),W(B=30°),W(B=40°),W(B=50°),W(B=60°),W(B=70°),W(B=80°)
0,51617.39223432036,186720.70348517084,432986.31579530356,730815.5676261124,910465.274163167,1110932.9171993558,1305850.1771359688,1436171.9488175549
1,51149.16036238486,187094.98144163025,431274.3661161915,730588.091067626,911917.5479925798,1110779.6199798242,1306188.8339127896,1436957.2118995704
2,50628.611134876985,187415.77857131232,429508.9135139316,730344.2644679233,913388.5709519878,1110620.412574375,1306536.081501151,1437766.670850364
3,50040.94065366369,187700.6295421184,428418.47840856574,730065.737896867,914884.9451749731,1110455.4277023908,1306892.6853786157,1438602.161277919
4,49378.75435682889,187920.97892680197,426928.74901343265,729758.1688233959,916420.1790657211,1110340.1201767253,1307259.4110390465,1439465.5143051667
5,48637.17338726532,188054.78256899523,425347.4013189756,729417.5286069574,917971.3020328918,1110301.9298268708,1307637.0203823321,1440358.5435683187
6,47822.02318457664,188145.72270319672,423695.1266569071,729028.5661806671,919537.4047145016,1110261.1989755223,1308026.268126188,1441283.0326889136
7,46944.96948310215,188142.2272174828,421956.92204093124,728584.4311666935,921117.5070486717,1110218.0661704803,1308427.898266539,1442240.7234787734
8,45988.89354421174,188065.24484855338,420192.175924109,728084.6242702901,922710.5618553401,1110172.6660148778,1308842.6406123135,1443233.3050955941
9,44943.949872596284,187872.31591176416,418393.51688253076,727521.6178010943,924315.4593633085,1110141.3156844699,1309271.2074201717,1444262.40431906
10,43793.29228679315,187593.4633396504,416510.4284249773,727282.2661579207,925931.0306189745,1110119.5660376688,1309714.290154615,1445329.577066849
11,42581.672280364764,187232.02020768082,414556.20110907307,726891.506530844,927556.0532433259,1110095.9634968892,1310172.5563987035,1446436.3012199868
12,41254.55137356673,186796.35245455083,413746.8375397906,726431.4619348414,929189.2539592319,1110070.6607350344,1310646.64693995,1447583.9707804753
13,39836.48065397229,186272.1714907008,412263.9607535146,725927.4814128171,930829.3152727921,1110221.537152132,1311146.5903883434,1448773.8913431012
14,38301.113351934306,185631.68440353594,410702.5875102825,725440.4035547235,932474.9237062207,1110438.9074329762,1311716.0835556837,1450007.276828969
15,36699.741301684655,184838.00847624202,408993.8582778059,724895.1450905438,934124.5954330728,1110658.7690602958,1312316.3441518692,1451285.2474013714
16,35098.464566351235,183963.79757642173,407149.17161181447,724232.1287902601,935776.9418379206,1110881.117566808,1312958.1881688172,1452608.8284649106
17,33334.88142345876,182990.99586196267,405192.258822897,723475.1319642612,937430.5040948384,1111105.9297406091,1313621.0621646384,1453978.9506359973
18,31452.556206922924,181961.1902407037,403132.48675829935,722617.6283859526,939083.7975347547,1111333.1534408845,1314305.4498220556,1455396.4505661053
19,29517.36595640196,180802.80805358084,400998.7715309145,721651.0105283351,940735.3149078493,1111562.707836446,1315011.7818810563,1456862.072497575
20,27461.04708485915,179522.56362310017,398805.5189472527,720603.7120861949,942383.529474732,1111794.4836388577,1315740.4364733142,1458376.4704342703
21,25287.33741867037,178153.272164269,398436.73167677067,720187.3431147914,944150.7524208224,1112226.8544548901,1316491.739683463,1459940.210815111
22,22992.14053651523,176716.97148327512,396921.7014888104,719488.6459791551,946204.9217947114,1112850.9231081775,1317265.9663129328,1461553.8585201215
23,20598.77826869444,175248.50774970284,395371.7948622432,718642.7690724812,948164.0990568144,1113481.397710503,1318112.0074296948,1463254.6751441401
24,18155.924466839504,173759.8332921388,393806.7279915994,717641.9522034116,950041.7298886706,1114117.9769853356,1319068.7429183372,1465007.364920271
25,15631.738883178114,172139.35504997268,392156.627422159,716594.9012562836,951865.0611722283,1114760.3322388795,1320051.4122481777,1466812.2082514253
26,13064.228249891674,170335.8697844289,390269.4375101369,715445.6782579155,953595.4613451641,1115408.1080246489,1321060.0954598975,1468669.4097717532
27,10377.782547316778,168427.0461911222,388153.18996898114,714215.0766456703,955246.944238746,1116060.9228039896,1322094.8262418567,1470579.0713209147
28,0.0,166386.77845270745,385904.17775849486,712859.6073221947,956832.7712106166,1116718.3696837851,1323155.5936862014,1472541.325372809
29,0,164250.09378824788,383559.9466234607,711391.3293244678,958355.5095149564,1117781.3043790455,1324242.3437848631,1474556.1427706615
30,0,162055.8609393792,384297.7570351041,709802.0458744435,959868.5418276717,1119187.081044838,1325354.9810890653,1476623.4703907387
31,0,159717.86906210514,383075.72324464796,708048.1935363444,961314.6935941891,1120566.943798962,1326493.3704152755,1478743.201293041
32,0,157198.9244757504,381833.4663876623,706937.2983059696,962669.9079587986,1121913.0016711405,1327657.3385847039,1480957.7242936399
33,0,154524.06490844744,380541.66859654925,705824.8169180672,963981.5565660547,1123213.6730798988,1328846.6761843313,1483272.6442826248
34,0,151785.99791466657,379220.0140002307,704628.5127530708,965243.2083501688,1124478.7065536978,1330139.615308015,1485641.515313317
35,0,148999.34627329645,377832.9956655779,703249.188210579,967085.0529433255,1125740.2852129634,1331624.8173743584,1488064.0688467256
36,0,145734.2038984648,376028.0715955627,701720.9780213344,968875.1633671961,1127113.1691404106,1333137.6698414125,1490539.9980530716
37,0,142456.98355098546,374102.41051735077,700103.6107866215,970599.4285125094,1129129.7224437173,1334677.8451440441,1493068.9609395298
38,0,139109.85644631562,372168.0478835334,698343.7408652484,972252.5120466024,1131145.0830636532,1336244.9705695182,1495650.583054323
39,0,135567.5437061474,373666.01959408086,696266.1545917293,973846.7207095673,1133158.8745510527,1337838.64726627,1498284.459802282
40,0,131827.05159382534,373106.35637388844,693958.6633669174,975335.1170807802,1135183.5177686645,1339458.451851456,1500970.1595356297
41,0,127910.25240611802,372466.4466310435,691533.4918935202,976677.5747217403,1137317.3067598778,1341103.9379807708,1503707.225656723
42,0,123804.70844809817,371648.02740659914,688871.3811217721,977880.1607831005,1139780.537610426,1342926.049346195,1506495.1788088449
43,0,119300.3072484394,370682.6537385066,686968.6733675121,978954.704978306,1142186.0078262012,1344794.00893023,1509333.518924196
44,0,114617.77514587175,369768.66134073754,685425.1290236172,979829.7244648961,1145282.8116862557,1346665.464141259,1512221.7271365356
45,0,109805.45007274803,368856.02270605805,683788.203604165,980537.0631431441,1148648.215093147,1348657.1311552937,1515159.267565903
46,0,104793.75913147398,367778.85311994475,682016.0334655644,981314.0992903801,1151883.9532030898,1350888.5291078005,1518146.317296398
47,0,99694.56287352809,366592.18970879883,680195.4710811242,981931.3445699195,1155042.005228507,1353108.0998003117,1521362.289647777
48,0,94492.0941664796,365344.6705335683,678361.0114218916,982480.3400186817,1158136.2433065902,1355319.078199192,1524628.8115104071
49,0,89197.69157866358,364099.9230419386,676399.1735525805,983349.7531930475,1161186.3662458176,1357528.1735604254,1527945.3089420258
50,0,83695.25744627912,362792.47187059646,674266.5169648303,984875.2256593403,1164209.1091182437,1359769.7797659175,1531311.1989135374
51,0,77925.12530958078,361203.63686835865,671729.580583576,986219.7566410479,1167252.8748083513,1362003.9340622132,1534725.8883836095
52,0,71947.84931454372,359063.34826554556,669053.6416878881,987473.9663555609,1171113.237243897,1364247.4279717775,1538188.775702774
53,0,65955.77938384876,356349.7644663527,666097.975722772,988576.7856775755,1175399.4448154175,1366515.2171964692,1541699.2509799325
54,0,59793.46285063129,353256.9692765401,664214.5126945003,989606.1548414655,1179669.9411163577,1368785.0098407497,1545256.6974971343
55,0,53614.07718339195,350112.63259414304,662425.5075194993,990532.5535306248,1183939.150931139,1371079.863619949,1548860.4927566994
56,0,47491.314696838555,346561.1161524188,660209.042894627,991238.5633650167,1188164.6015144892,1373628.8841658395,1552510.0092084508
57,0,40904.60965327004,342843.75884572597,657634.0575105782,991780.1025159591,1192405.6340016415,1376514.4853287884,1556204.6150537657
58,0,33590.036049811526,338798.9756104782,654788.8610944208,992172.9091671882,1196609.7894428042,1379431.0832891108,1559943.6749959046
59,0,0.0,334567.0678718245,651692.1688200786,992445.8789976997,1200806.50403161,1382360.3132466474,1563726.5509400172
60,0,0,330093.6813588226,648460.0577222811,992534.6762573326,1205355.7735377934,1385308.3794673176,1567552.6026459718
61,0,0,325387.2129519707,645348.787117275,992452.2965177422,1210417.3449831803,1388290.6073272475,1571434.644786236
62,0,0,320561.9255777097,641936.0061447255,992215.5491524645,1215339.5035587996,1391287.5569840255,1575874.8535860078
63,0,0,315627.4201698595,638298.4268973253,992008.5873056231,1220205.9554962874,1394299.0007602817,1580349.8365692066
64,0,0,310419.87296316616,634558.8609526425,992450.4070384736,1224986.3975003501,1397327.4973419546,1584845.5307950536
65,0,0,305323.6106842727,632438.7770837585,993176.975112478,1229710.077750217,1400830.237704871,1589370.580781077
66,0,0,300077.24370290915,630891.891718562,993662.4889045225,1234280.6726629212,1404391.382505337,1593929.5940288182
67,0,0,294240.42641832127,628965.9403838926,994002.5831680625,1238723.207264023,1408494.982773994,1598503.027030444
68,0,0,287989.89747487387,626773.3061371872,994227.9655628197,1243051.3546581308,1412722.818803174,1603088.9371008268
69,0,0,281490.2662528482,624301.3662361967,994324.3140535615,1247283.4231570852,1416935.8395601788,1607683.248610829
70,0,0,274775.0352631878,621668.5063466945,994519.6678081627,1251300.2754914335,1421104.742215086,1612288.7298631382
71,0,0,267914.35918836313,618686.8095650644,994588.0109229867,1255153.9980910579,1425227.7398827865,1616915.0656501814
72,0,0,260783.2764558479,615314.6900583894,994458.5721175631,1258941.4607775188,1429278.1902800456,1621565.0627894022
73,0,0,253577.2674710559,611710.8386390534,994123.906853545,1262686.3837710791,1433273.5701614984,1626228.447775791
74,0,0,246252.1653677017,608243.5725396016,993675.2834872885,1266447.7706131218,1437258.582651407,1630914.1215968889
75,0,0,238692.54601586572,604351.3107789377,993083.6871118061,1270079.9029905295,1441213.8397888327,1635623.738389107
76,0,0,231043.6924539136,602953.9162925888,992338.3660421653,1273669.1099477257,1445133.0230714942,1640366.4876415553
77,0,0,223324.97229370518,601532.1923665705,991298.2883779762,1277218.2463738855,1449190.5193033821,1645578.8131272453
78,0,0,215720.07772701408,599623.1177958217,989799.8455046876,1280805.3636438556,1454102.320039525,1650852.4375006643
79,0,0,207934.2100759912,596819.7686066738,990011.0424070037,1284315.1553922652,1459117.7890666388,1656148.8533259013
80,0,0,199324.250221374,593895.5797201918,990541.9075796762,1288800.8418124695,1464055.610546065,1661477.0489743687
81,0,0,190355.91898588953,590489.1596059056,990850.7800878971,1293695.041531672,1468965.7272344537,1666837.8491538921
82,0,0,180900.88175975787,586544.2935784628,990720.9026010097,1298420.310438137,1473872.8138205495,1672233.118490315
83,0,0,171157.76510007633,582257.7473672768,990332.556436604,1302948.293394592,1478777.743987784,1677679.9456749898
84,0,0,161321.61497930693,578068.0152177403,989765.2786446927,1307360.8408166806,1483725.2420258976,1683135.880420087
85,0,0,151504.48789762345,573565.3959275022,989149.656858569,1311768.315497559,1488633.9162528713,1688620.4598530289
86,0,0,141230.46904834593,568670.9258586316,988250.3611685007,1316062.500374766,1493530.201982016,1694136.4141145032
87,0,0,130603.37051343701,563935.9996659162,986654.0955650397,1320134.844052684,1498434.854701038,1699698.3682414151
88,0,0,119629.5256784513,564767.9241811968,984683.8756485786,1324003.1756196166,1504028.5447493952,1705288.7506886544
89,0,0,108389.23756972911,562532.747442949,982451.5005277039,1327667.477734378,1510233.8888456342,1710899.6715471747
90,0,0,97040.55430571546,559833.011373267,979933.9661238606,1331263.9186824406,1516441.1522452224,1716539.4493081956
91,0,0,85559.74666461784,556447.4769228614,976976.662117752,1334704.6556173996,1522665.3447347993,1722205.1031735514
92,0,0,0.0,552643.4159740856,973715.0050636062,1337977.186960364,1529808.0439578712,1728432.324243758
93,0,0,0,548611.7717857667,970259.2971012949,1341047.8601823417,1537145.7673519214,1734838.287877483
94,0,0,0,544386.982820831,969556.1220077593,1343977.8350735337,1544394.0737511741,1741277.4740035858
95,0,0,0,539628.8086637908,968631.8670573973,1346788.65733155,1551573.7772123022,1747741.3366857679
96,0,0,0,534770.1045944934,967455.4388504265,1349502.537122853,1558700.9137270455,1754238.8381804638
97,0,0,0,529793.9723894913,965872.6009573865,1352400.4892888952,1565783.3974771125,1760768.9816925526
98,0,0,0,524557.8697606,964527.7156375814,1354876.1276513224,1572918.1553124478,1767330.8430263025
99,0,0,0,519142.05430921505,962861.9279380848,1357063.4294222624,1580919.0407001532,1773923.2432552096
100,0,0,0,513981.9939072263,961042.4292622539,1360839.1046182085,1589428.997476675,1781173.602756574
101,0,0,0,508095.5185373144,959144.3841515525,1364759.4513353726,1597831.3058744832,1788466.3755690816
102,0,0,0,501654.8715422106,956994.7816327767,1368489.9675334052,1606108.1126363657,1795740.5540586803
103,0,0,0,494889.90749914874,954498.0950834606,1372134.7189744394,1614294.3663146324,1803009.2887350502
104,0,0,0,487968.478770695,951842.0228108932,1375473.6306465394,1622413.1957492472,1810273.2382244726
105,0,0,0,480351.7182683123,948753.3203216902,1378586.8359488985,1630478.554653418,1817544.7305018897
106,0,0,0,471962.70255391643,945285.6888894635,1381672.2902279724,1638481.8058830716,1824814.068606829
107,0,0,0,462854.72948651947,941524.8908077406,1384784.4768150523,1646365.7018326123,1832836.543114213
108,0,0,0,453514.12177925056,937488.5305996895,1387555.9753164093,1654149.7205753976,1841014.2332638914
109,0,0,0,443712.8124872981,937690.3074955576,1390262.3803170344,1661820.3415050753,1849179.7255635608
110,0,0,0,433395.00680964,936298.1216707786,1392813.7832500958,1669369.9174271745,1857332.4150200346
111,0,0,0,423218.5148894687,934225.3959812871,1395289.393560673,1677064.0510036724,1865465.5544757391
112,0,0,0,412691.55566474376,931796.6088435221,1397569.3936947167,1684705.2612940355,1873573.0108463098
113,0,0,0,402750.9944003892,929267.8291129265,1399609.256236818,1692217.702100317,1881673.2618624228
114,0,0,0,393429.6963061133,926343.0000970612,1401515.4354013372,1699699.132535697,1889765.9848379358
115,0,0,0,381835.99383278517,923386.0830351037,1403219.728816956,1707135.9344115711,1897845.879099916
116,0,0,0,370040.3424116481,920426.3734460403,1404661.9773548865,1714538.0774895546,1905900.7196157766
117,0,0,0,357843.70334063686,917024.4306252677,1406007.8398165733,1721898.495526433,1913953.2553942068
118,0,0,0,345541.5719150054,913150.0257043273,1407327.0120089406,1729361.2687865417,1921977.916902891
119,0,0,0,333338.5037866893,908807.9649599082,1408435.696484788,1737545.1098477177,1929954.977416647
120,0,0,0,321070.4264102979,904480.3708654516,1412340.2274905357,1746884.9308781226,1937943.1991980942
121,0,0,0,308803.32573357335,899805.738460474,1416565.8901227505,1756011.1122875647,1945944.1682723437
122,0,0,0,296383.0407688638,894793.2386329789,1420287.136069926,1765069.195818905,1954889.8848048972
123,0,0,0,282942.91164855356,889535.8581889216,1423670.8046416012,1774109.3296185704,1964039.1970259363
124,0,0,0,268882.08012269455,890004.038231692,1426750.9282490225,1783096.1012877063,1973208.8068001014
125,0,0,0,254147.99736962037,888479.2972445032,1429629.4819657532,1791947.2119095395,1982540.5395240379
126,0,0,0,238760.3852507287,885742.3190328949,1432316.8953948102,1800730.5979532888,1991870.884993367
127,0,0,0,223552.64130227795,882554.6500909773,1435069.0479239838,1809498.1438930763,2001146.0474117275
128,0,0,0,208378.8417340604,878919.0498152577,1437450.8767801481,1818139.770275694,2010415.3761904794
129,0,0,0,192650.68674953745,874569.6627973302,1439240.5883976724,1826711.0164236003,2019694.2476711003
130,0,0,0,176479.90625740288,869845.2572376716,1440535.8997284365,1835147.789034002,2028983.278060799
131,0,0,0,0.0,864455.3614032759,1441484.250668254,1843419.251427328,2038297.5160467105
132,0,0,0,0,858736.3120170793,1442235.6438795715,1851508.2852553942,2047639.6773192429
133,0,0,0,0,853622.4366273491,1442653.2491532704,1859435.370670595,2056998.1057613862
134,0,0,0,0,847913.5749810974,1442747.5200187596,1867254.7257013961,2066390.3241579232
135,0,0,0,0,841325.2487461666,1442505.868932581,1874983.6712437687,2075871.5198813563
136,0,0,0,0,834334.5435027902,1441966.5575740607,1882637.6271104524,2085377.773825085
137,0,0,0,0,827017.8505431485,1441287.3419925843,1890259.9570151684,2095981.7267240395
138,0,0,0,0,818914.2919066038,1440395.9326297478,1897771.3333238133,2106902.2442360385
139,0,0,0,0,816996.5261423052,1439327.9322058752,1905136.4769291112,2117847.9794101096
140,0,0,0,0,813817.3875069954,1441289.5149329319,1912428.103317299,2130003.723546239
141,0,0,0,0,810512.24110548,1443791.2599023844,1919626.1813074006,2142308.929260272
142,0,0,0,0,806779.4002599553,1445830.010639392,1926753.240100425,2154558.1036844514
143,0,0,0,0,802252.7738231518,1447647.816621559,1933809.119227695,2166833.9901198815
144,0,0,0,0,797253.9986146073,1449820.2880110831,1941198.6807313852,2179091.645469123
145,0,0,0,0,791533.3948554556,1451490.0593660972,1948381.2166015315,2191268.3556968207
146,0,0,0,0,785490.1664562207,1452610.1511447646,1955393.1825956265,2203455.5208739494
147,0,0,0,0,779358.2886045151,1453332.9635845232,1964740.5676614286,2215643.860825695
148,0,0,0,0,772791.5718192727,1453847.540325364,1974315.4267801547,2227798.716560375
149,0,0,0,0,765617.559320569,1454193.4974596815,1983647.286704279,2239972.2715190398
150,0,0,0,0,758370.4455027427,1454124.3009851798,1992795.537307433,2252183.0201846864
151,0,0,0,0,751377.2098163805,1453689.8099634578,2001789.915015546,2264417.100936469
152,0,0,0,0,743398.3679719521,1453188.054203857,2010470.2317675762,2277661.1483545857
153,0,0,0,0,734657.0834957889,1452343.787956006,2019111.8203572966,2291570.7704768484
154,0,0,0,0,724743.0422273667,1451000.0398040635,2027388.9626892393,2305485.3962756265
155,0,0,0,0,713820.017514185,1449408.2197171985,2035499.3048888755,2319292.927910324
156,0,0,0,0,702189.1117202247,1447603.4839672463,2043539.6872980928,2333110.863865127
157,0,0,0,0,690169.4118531526,1445417.3554308503,2051396.0732630608,2346844.0702250954
158,0,0,0,0,677701.9728901668,1443216.1053808618,2059101.1972159015,2360581.5518728807
159,0,0,0,0,664765.9122582579,1440371.5944809616,2066698.4985394361,2374273.654418762
160,0,0,0,0,652314.0647219451,1439960.664202914,2074186.598455118,2387957.5003619427
161,0,0,0,0,639249.3916300037,1441163.937911998,2081345.9501301781,2401620.3788937763
162,0,0,0,0,625367.1684053069,1441654.3879034522,2088176.727208652,2415286.233186486
163,0,0,0,0,611063.2676034321,1441637.4411669644,2094800.261412949,2428960.455233046
164,0,0,0,0,596577.9216152761,1441305.5783235962,2101222.9101776495,2442646.674263233
165,0,0,0,0,582026.3345704537,1440692.00042054,2107438.0013180934,2456385.9327233676
166,0,0,0,0,567792.8037874087,1439749.1977361722,2113660.3406275045,2470080.09266774
167,0,0,0,0,553459.8626355975,1438625.4098729526,2119849.6060714237,2483728.625445704
168,0,0,0,0,539065.1283430718,1437709.3444707787,2125922.055992448,2497373.1803592453
169,0,0,0,0,525265.7731230148,1436032.8516202432,2131881.97965879,2511026.500478396
170,0,0,0,0,510672.4041921585,1434118.2547677997,2137467.42204036,2524671.1572001865
171,0,0,0,0,495686.7063301425,1431733.5758497252,2143022.596212562,2538319.6035828753
172,0,0,0,0,480190.48708422267,1429280.388990467,2148473.329963859,2551977.9883192186
173,0,0,0,0,465039.4229236661,1426349.8511272059,2153832.7113330513,2565633.91796866
174,0,0,0,0,449661.24554989877,1423200.3563366833,2159136.9474392356,2579381.5442256997
175,0,0,0,0,434160.36205898965,1419675.0070381148,2169066.308812836,2593353.255544992
176,0,0,0,0,418231.8191522847,1415655.0252592496,2177994.114327325,2607348.108178218
177,0,0,0,0,401366.15909723414,1411601.1034328898,2187243.0262678033,2621152.999052181
178,0,0,0,0,384159.0619482262,1407105.0412007566,2196215.2012607562,2634988.5142485444
179,0,0,0,0,367164.1808182842,1401934.9678066473,2204717.4530818816,2648779.2853092747
180,0,0,0,0,347897.95547447714,1396263.9994686795,2212800.4462683457,2664227.3203279804
181,0,0,0,0,328003.24243591115,1398567.732187663,2220721.5929476414,2680198.842522737
182,0,0,0,0,307222.5229529315,1398886.872395232,2228437.201050239,2696034.7912803995
183,0,0,0,0,0.0,1398252.4787643652,2235962.0364101683,2711813.0223207227
184,0,0,0,0,0,1397416.603708159,2243336.9451441607,2727544.2272280804
185,0,0,0,0,0,1395901.1205185058,2250647.4217889826,2743272.894316061
186,0,0,0,0,0,1393537.4255449483,2257843.204940045,2758917.4071056265
187,0,0,0,0,0,1390929.0888008792,2264799.7820787113,2774526.434735948
188,0,0,0,0,0,1387712.1090715963,2271797.1001401492,2790154.0834358726
189,0,0,0,0,0,1383920.6233360753,2278437.0237430227,2805846.923370272
190,0,0,0,0,0,1379348.5841296786,2284644.09149151,2821469.019409796
191,0,0,0,0,0,1375160.77158789,2290646.4304246316,2836866.560879923
192,0,0,0,0,0,1371133.642507646,2296309.206369671,2852273.9920206736
193,0,0,0,0,0,1365922.3407719838,2301893.248097163,2867674.127488429
194,0,0,0,0,0,1360261.7097748711,2307165.9047862617,2882971.6758895577
195,0,0,0,0,0,1353532.7784523016,2312433.734849698,2898126.5784771354
196,0,0,0,0,0,1346543.2468726952,2317263.5936288945,2913310.9748494015
197,0,0,0,0,0,1339141.1166992793,2321993.8182988977,2928319.4321099296
198,0,0,0,0,0,1331378.6531657733,2326179.12411056,2943339.8690403425
199,0,0,0,0,0,1322999.8655700856,2330124.0406075525,2958360.6015571123
200,0,0,0,0,0,1314270.0316735217,2333782.083129204,2973334.0506318165
201,0,0,0,0,0,1310437.0832844554,2337330.244278661,2988225.0854691355
202,0,0,0,0,0,1309438.148326615,2342914.920131972,3002901.338985141
203,0,0,0,0,0,1308527.849579571,2350967.9198561814,3017605.9405756905
204,0,0,0,0,0,1306263.1601946668,2358919.058250824,3032157.4648843533
205,0,0,0,0,0,1303631.908239719,2366435.611713863,3046743.6283889143
206,0,0,0,0,0,1300235.174326351,2373766.213478819,3061259.2053050287
207,0,0,0,0,0,1296186.269861521,2380863.9794380427,3075712.203236329
208,0,0,0,0,0,1291356.549453394,2387505.8975368487,3090152.9986533937
209,0,0,0,0,0,1286349.9115575873,2393936.6418115487,3104520.2713467996
210,0,0,0,0,0,1281449.0228703453,2400860.505097674,3118967.8231648775
211,0,0,0,0,0,1276074.2450340576,2407582.5634533577,3133399.279804704
212,0,0,0,0,0,1270043.72178984,2413475.889219474,3147786.318496103
213,0,0,0,0,0,1263778.551069409,2419237.4602183774,3162172.7860897486
214,0,0,0,0,0,1257278.406115163,2424706.2208466167,3176376.5666179606
215,0,0,0,0,0,1250589.033247235,2430123.4646852277,3190599.9942860957
216,0,0,0,0,0,1244536.4401675672,2435384.1171595147,3204792.2121791
217,0,0,0,0,0,1237250.6262417643,2440497.342619029,3218933.463859461
218,0,0,0,0,0,1229523.953218554,2445517.6698310026,3233090.591679819
219,0,0,0,0,0,1220873.983516287,2450145.9201837736,3247192.752078736
220,0,0,0,0,0,1211467.6324497543,2454433.330708598,3263118.1306958334
221,0,0,0,0,0,1200689.6811061294,2458425.4500958086,3280447.8937112424
222,0,0,0,0,0,1189224.6496010576,2462317.481687363,3297743.67954243
223,0,0,0,0,0,1176276.118888873,2465969.9582002964,3314700.9358287267
224,0,0,0,0,0,1163224.079745907,2469661.688620267,3331819.1662628194
225,0,0,0,0,0,1149518.7976000968,2472536.053088206,3349132.7250675126
226,0,0,0,0,0,1135434.2658524383,2475279.818472807,3366378.511352633
227,0,0,0,0,0,1120642.3864308977,2477627.458345509,3383447.840923406
228,0,0,0,0,0,1106278.1840488135,2479822.4060642174,3400135.4946276667
229,0,0,0,0,0,1091451.3605095912,2481812.972363742,3416898.0929023484
230,0,0,0,0,0,1075815.8279174203,2487317.4641024563,3433675.007536379
231,0,0,0,0,0,1059903.9124019102,2495415.580354642,3450354.1427764455
232,0,0,0,0,0,1043236.1105178499,2503582.922951081,3467067.852999599
233,0,0,0,0,0,1026090.3785700897,2510915.235433917,3483546.853712383
234,0,0,0,0,0,1008413.1518951585,2517600.309669971,3500024.255218382
235,0,0,0,0,0,990392.1403050655,2523739.4831987983,3516531.4205880533
236,0,0,0,0,0,972269.8289181476,2529639.938413018,3533016.1684674164
237,0,0,0,0,0,954323.033798964,2535130.386089399,3549502.438725916
238,0,0,0,0,0,935810.9107402193,2540277.5684863077,3565818.870013026
239,0,0,0,0,0,917105.1945959856,2545094.599750204,3582032.868320994
240,0,0,0,0,0,899694.9963133617,2549402.4008837156,3598258.5653660097
241,0,0,0,0,0,882037.103903309,2553011.6687903195,3614191.400989933
242,0,0,0,0,0,862284.2067682215,2556562.0957342405,3630234.2453306615
243,0,0,0,0,0,842098.8239113394,2560694.977280075,3646333.65746731
244,0,0,0,0,0,821741.4477496713,2564601.5015464253,3662204.4915752914
245,0,0,0,0,0,801057.9656200841,2568058.740731956,3678028.767734485
246,0,0,0,0,0,780526.6111154571,2570636.0933112754,3693590.2074750187
247,0,0,0,0,0,760328.8059687957,2572846.126171596,3708942.4090697025
248,0,0,0,0,0,740092.538929722,2574479.093817985,3724293.4961654996
249,0,0,0,0,0,719664.4603886859,2575576.7915769247,3739484.4339213516
250,0,0,0,0,0,699293.2756707538,2576559.6869353717,3754551.5246794107
251,0,0,0,0,0,678556.972894572,2576898.81748663,3769636.0541269677
252,0,0,0,0,0,657021.3214651187,2577218.727656305,3784592.5771717923
253,0,0,0,0,0,635387.5575354205,2577185.327334854,3799451.857308254
254,0,0,0,0,0,613721.7876647161,2576707.680566781,3814326.2696625586
255,0,0,0,0,0,591070.9144152432,2576063.0723753255,3829167.0880069947
256,0,0,0,0,0,567606.9389016429,2574674.320703737,3844090.1960253166
257,0,0,0,0,0,543896.6830177759,2573163.0474101957,3859052.608017405
258,0,0,0,0,0,519852.5614944354,2571897.514232923,3873935.3282132945
259,0,0,0,0,0,495467.1367572776,2581894.517493138,3888615.15316793
260,0,0,0,0,0,471256.2946686918,2588353.8033698234,3903246.70138898
261,0,0,0,0,0,446982.1547948798,2593298.541798437,3923320.340039571
262,0,0,0,0,0,422529.19101532403,2597880.4494339107,3942017.6453649267
263,0,0,0,0,0,0.0,2602106.3072451563,3960662.708129758
264,0,0,0,0,0,0,2605549.072648429,3978833.822930222
265,0,0,0,0,0,0,2609208.6029290287,3996944.9144993387
266,0,0,0,0,0,0,2611745.624223017,4014779.1220044154
267,0,0,0,0,0,0,2614018.108678299,4032388.6457598433
268,0,0,0,0,0,0,2616031.673328493,4049902.192345807
269,0,0,0,0,0,0,2617888.009930947,4067331.928991099
270,0,0,0,0,0,0,2619726.029535573,4084574.1551223085
271,0,0,0,0,0,0,2621234.347344864,4101682.569359049
272,0,0,0,0,0,0,2622280.922998966,4118696.73842651
273,0,0,0,0,0,0,2623268.2413794575,4135579.515626123
274,0,0,0,0,0,0,2623862.247589883,4152680.3218567716
275,0,0,0,0,0,0,2624525.7214601943,4170139.8838233813
276,0,0,0,0,0,0,2625411.4649911514,4187429.8374154638
277,0,0,0,0,0,0,2626731.9385709274,4204746.244546826
278,0,0,0,0,0,0,2627981.787094778,4221528.83260311
279,0,0,0,0,0,0,2627927.9599386854,4238184.112845568
280,0,0,0,0,0,0,2627463.7582862847,4254853.291928045
281,0,0,0,0,0,0,2626996.0742506045,4271432.473950798
282,0,0,0,0,0,0,2625547.131501136,4287502.90595908
283,0,0,0,0,0,0,2623890.3224476883,4303596.430996721
284,0,0,0,0,0,0,2621721.80041292,4319710.101783294
285,0,0,0,0,0,0,2618796.0251160003,4335421.042507061
286,0,0,0,0,0,0,2615192.0600091433,4351099.647390677
287,0,0,0,0,0,0,2620110.6869926653,4366793.151689206
288,0,0,0,0,0,0,2625160.683845011,4382265.191862841
289,0,0,0,0,0,0,2629618.149554714,4397519.058123897
290,0,0,0,0,0,0,2632366.7072755857,4412784.906644505
291,0,0,0,0,0,0,2634719.3812385346,4427906.614912895
292,0,0,0,0,0,0,2636868.4906845097,4442627.419026452
293,0,0,0,0,0,0,2638252.367098829,4457304.336236212
294,0,0,0,0,0,0,2640046.004787475,4471989.328642156
295,0,0,0,0,0,0,2641289.329060329,4486477.374239535
296,0,0,0,0,0,0,2641420.7396116094,4501111.742563661
297,0,0,0,0,0,0,2640931.284628948,4515881.797607344
298,0,0,0,0,0,0,2639667.017232752,4530549.379570307
299,0,0,0,0,0,0,2638287.7925813687,4544987.287663865
300,0,0,0,0,0,0,2636997.780606542,4559174.553407662
301,0,0,0,0,0,0,2634808.0145493434,4577805.684059592
302,0,0,0,0,0,0,2632190.2226332068,4597446.286940036
303,0,0,0,0,0,0,2629243.3988247956,4617093.214575972
304,0,0,0,0,0,0,2625894.5946128126,4636626.032852882
305,0,0,0,0,0,0,2622342.4378382177,4655449.68676508
306,0,0,0,0,0,0,2619006.8655969086,4674077.861138041
307,0,0,0,0,0,0,2614592.909064837,4692742.697999089
308,0,0,0,0,0,0,2609985.6221472323,4711197.694974359
309,0,0,0,0,0,0,2604760.6145203966,4729401.925459152
310,0,0,0,0,0,0,2599430.744387719,4747413.964287545
311,0,0,0,0,0,0,2594585.5425363495,4765249.021674133
312,0,0,0,0,0,0,2589427.434844158,4782885.707630892
313,0,0,0,0,0,0,2582830.103107008,4800619.6086894525
314,0,0,0,0,0,0,2575572.715039262,4818329.441410019
315,0,0,0,0,0,0,2568166.818975869,4835744.659279824
316,0,0,0,0,0,0,2559576.7232377,4853183.107563354
317,0,0,0,0,0,0,2550518.7825995046,4870261.240753005
318,0,0,0,0,0,0,2541161.9865216394,4887122.603112684
319,0,0,0,0,0,0,2531356.1279694005,4903811.770460385
320,0,0,0,0,0,0,2521492.698096095,4920547.301649786
321,0,0,0,0,0,0,2511500.833491865,4937194.171113562
322,0,0,0,0,0,0,2500970.4888745323,4953758.284925676
323,0,0,0,0,0,0,2490502.4129805025,4970331.425008088
324,0,0,0,0,0,0,2479980.2038159445,4986937.660120284
325,0,0,0,0,0,0,2468927.085131429,5004270.222394594
326,0,0,0,0,0,0,2457495.3022227404,5021163.323274209
327,0,0,0,0,0,0,2446016.1676678723,5038101.190553193
328,0,0,0,0,0,0,2433908.507309637,5055083.148289537
329,0,0,0,0,0,0,2421636.5077927466,5071037.8396131005
330,0,0,0,0,0,0,2409709.7237859904,5086723.282534895
331,0,0,0,0,0,0,2396533.8683258896,5102644.613657256
332,0,0,0,0,0,0,2382528.6200833158,5118579.041400262
333,0,0,0,0,0,0,2367586.480231232,5133870.509973906
334,0,0,0,0,0,0,2352238.601266624,5148954.492716857
335,0,0,0,0,0,0,2335962.063229241,5164054.309914588
336,0,0,0,0,0,0,2319242.185572651,5179139.975881255
337,0,0,0,0,0,0,2302217.925962781,5193616.963638218
338,0,0,0,0,0,0,2284725.7003392545,5207955.238506355
339,0,0,0,0,0,0,2267140.34910153,5222296.065220659
340,0,0,0,0,0,0,2249616.92066648,5236581.80743557
341,0,0,0,0,0,0,2232138.3207117664,5250320.846919349
342,0,0,0,0,0,0,2214439.36122596,5272044.449989775
343,0,0,0,0,0,0,2196817.5001678076,5292692.652124318
344,0,0,0,0,0,0,2179977.5047256183,5313385.706873409
345,0,0,0,0,0,0,2163933.3737830753,5333708.885327863
346,0,0,0,0,0,0,2147768.4543205095,5353017.0394822
347,0,0,0,0,0,0,2131127.504970934,5372317.571097064
348,0,0,0,0,0,0,2112612.941721918,5391328.941890861
349,0,0,0,0,0,0,2093847.8569734094,5410034.055945153
350,0,0,0,0,0,0,2075052.0228296674,5428366.290196025
351,0,0,0,0,0,0,2055907.5740539636,5447061.884494648
352,0,0,0,0,0,0,2036148.576026494,5465788.512356521
353,0,0,0,0,0,0,2016240.322145512,5484090.644701631
354,0,0,0,0,0,0,1996130.6911725528,5501907.963908855
355,0,0,0,0,0,0,1975569.080232502,5519534.463889594
356,0,0,0,0,0,0,1954710.503239064,5536901.665580314
357,0,0,0,0,0,0,1933974.5420158883,5553872.651595127
358,0,0,0,0,0,0,1913453.3836461585,5570270.64304457
359,0,0,0,0,0,0,1892904.336886278,5586677.958795296
360,0,0,0,0,0,0,1872355.7841237807,5603069.652656906
361,0,0,0,0,0,0,1851767.1733089357,5619372.856778045
362,0,0,0,0,0,0,1830863.9096088284,5635379.931610602
363,0,0,0,0,0,0,1809766.368760129,5651400.644453849
364,0,0,0,0,0,0,1788537.679873013,5667434.977912031
365,0,0,0,0,0,0,1767640.8509781267,5683409.07895489
366,0,0,0,0,0,0,1747078.3832093657,5699162.536792361
367,0,0,0,0,0,0,1726350.5798422862,5714776.22636089
368,0,0,0,0,0,0,1705527.3140148,5730423.58095419
369,0,0,0,0,0,0,1684230.0698583343,5745940.730525498
370,0,0,0,0,0,0,1661997.161794256,5761155.076246464
371,0,0,0,0,0,0,1639459.810877164,5776229.523578527
372,0,0,0,0,0,0,1616798.0826026418,5791307.906924084
373,0,0,0,0,0,0,1593823.0969317765,5806330.93354765
374,0,0,0,0,0,0,1570935.6443628098,5820556.8745034905
375,0,0,0,0,0,0,1548042.5465875207,5835002.177146715
376,0,0,0,0,0,0,1525029.7469290283,5849931.946524362
377,0,0,0,0,0,0,1500985.0143839458,5864867.2730151005
378,0,0,0,0,0,0,1476383.2247091196,5879327.426081115
379,0,0,0,0,0,0,1451857.5039002427,5893578.264534661
380,0,0,0,0,0,0,1427204.0951438972,5907103.841268326
381,0,0,0,0,0,0,1402784.3993954111,5920256.829361345
382,0,0,0,0,0,0,1377987.8534538941,5933151.202256328
383,0,0,0,0,0,0,1353127.5269674947,5956442.691290189
384,0,0,0,0,0,0,1328210.4215946347,5977821.774746258
385,0,0,0,0,0,0,1302557.87131781,5998890.971034968
386,0,0,0,0,0,0,1276538.7230988683,6019865.679304041
387,0,0,0,0,0,0,1250184.5766033414,6039701.994666131
388,0,0,0,0,0,0,1223686.4104870902,6058899.844127263
389,0,0,0,0,0,0,1196942.7929549674,6078181.288305442
390,0,0,0,0,0,0,1170042.4252900418,6097365.183876441
391,0,0,0,0,0,0,1142776.2879868255,6116390.053319293
392,0,0,0,0,0,0,1115358.0335436012,6134747.948342634
393,0,0,0,0,0,0,1087635.4397944128,6153131.467019125
394,0,0,0,0,0,0,1059816.8363985699,6171541.626876469
395,0,0,0,0,0,0,1032056.2782736027,6189889.880721466
396,0,0,0,0,0,0,1004418.9439852657,6207402.129522691
397,0,0,0,0,0,0,977149.6960591959,6224883.203951261
398,0,0,0,0,0,0,949864.6690308374,6242408.799717922
399,0,0,0,0,0,0,922372.9892333813,6259955.715413045
400,0,0,0,0,0,0,894618.8819574299,6277130.445176338
